Annual_Revenue,Loan_Amount,Defaults,Employees,GST_Compliant,Sector,Location_Risk,ONDC_Sales_Volume,Avg_Order_Value,Seller_Rating,Returns_Rate,SLA_Delivery_%,Months_Active_ONDC,Risk
3030307,553392,1,6,1,3,0,481,1121,2.67,0.09,0.69,10,0
2741936,664847,3,88,1,0,2,343,1737,4.21,0.13,1.0,22,2
4760688,601779,2,9,1,1,0,148,4153,3.86,0.2,0.65,2,2
1587778,802013,2,88,1,0,2,493,4321,2.83,0.18,0.68,18,0
4966339,183033,2,35,0,1,2,426,5000,4.23,0.25,0.62,8,0
4677878,357742,1,98,0,0,0,45,4725,3.61,0.27,0.78,12,0
2483970,568143,0,96,0,2,2,323,2046,3.42,0.26,0.66,8,0
1818520,272700,1,48,1,3,2,273,4967,4.0,0.23,0.72,20,1
1311576,319958,3,93,1,1,2,208,3878,4.17,0.22,0.94,17,1
2520686,116549,2,14,0,1,2,408,2367,4.57,0.18,0.93,9,2
4191383,104240,1,27,1,2,2,230,175,2.28,0.16,0.99,6,1
2404799,621860,1,80,0,2,2,485,1488,2.93,0.12,0.76,19,0
508646,936302,0,56,0,2,1,268,2916,2.9,0.05,0.78,17,1
1416557,680286,2,34,0,2,2,339,2657,2.9,0.13,0.74,2,2
3959415,459526,3,34,1,2,2,128,2877,2.22,0.04,0.86,22,1
3073556,218100,1,29,0,1,0,92,4467,3.23,0.06,0.64,15,0
690678,60389,2,12,1,1,1,266,1353,3.96,0.15,1.0,6,0
4937663,778014,2,100,0,3,1,23,3858,2.8,0.02,0.61,19,0
4336771,448464,0,62,1,0,0,400,1944,3.26,0.24,0.74,17,2
2472917,98744,1,15,1,1,2,405,4061,3.39,0.23,0.85,7,2
1603746,339942,1,53,1,1,1,267,4363,4.26,0.08,0.71,20,0
2111278,89526,1,98,0,2,2,71,183,2.63,0.09,0.96,7,0
3193140,413016,0,25,0,1,2,212,1697,4.78,0.15,0.74,13,1
987922,288448,0,90,0,3,0,182,2145,2.93,0.05,0.95,13,2
4072401,433205,1,39,0,1,2,2,804,4.64,0.25,0.89,3,1
1162954,832987,2,21,1,0,2,62,3768,4.26,0.18,0.96,2,1
3929307,508470,1,56,1,2,0,306,2108,3.6,0.03,0.63,14,0
2915146,291706,3,82,1,1,2,42,2152,2.93,0.3,0.7,8,1
3893244,285343,3,92,1,3,1,111,2515,4.74,0.14,0.8,7,2
313127,234366,0,22,0,3,2,323,1405,4.53,0.08,0.73,6,1
3174131,799869,1,75,1,3,1,489,3820,2.54,0.02,0.87,4,1
2895742,422476,3,20,1,0,0,226,1272,2.85,0.16,0.95,17,1
1691544,510853,1,27,0,0,1,80,2511,2.81,0.22,0.83,11,0
1411200,454282,0,22,0,3,0,279,768,4.16,0.3,0.89,5,2
3340701,941662,1,40,0,2,0,318,1067,4.13,0.01,0.96,7,2
3423194,362073,0,31,0,3,1,268,4887,2.77,0.01,0.67,19,0
3230103,763930,0,70,0,0,0,449,2284,4.34,0.26,0.66,24,0
1423492,643184,1,91,0,1,1,197,4223,3.68,0.09,0.85,21,0
723535,863644,1,56,1,0,0,53,3065,2.03,0.14,0.77,15,1
1849234,915984,1,30,1,2,0,302,2842,4.36,0.24,0.61,14,1
3452252,991727,1,95,0,2,0,146,1099,4.26,0.12,0.78,5,0
584041,948826,1,45,1,3,0,343,1075,2.6,0.11,0.97,18,1
1260442,666418,3,11,1,0,1,274,4444,4.25,0.2,0.7,12,1
3935325,161154,0,60,1,2,2,500,1147,2.04,0.11,0.9,12,2
4342883,898122,2,71,1,3,0,445,2005,3.56,0.25,0.75,22,2
3272330,840853,2,100,1,1,1,424,3410,4.47,0.08,0.72,24,1
4928000,390405,0,60,0,0,1,249,2959,2.14,0.14,0.93,23,1
376377,243954,3,22,1,1,2,2,249,2.55,0.26,0.87,4,0
244604,232961,3,21,0,0,0,26,3401,2.84,0.07,1.0,17,0
339745,142377,3,93,0,1,2,346,2312,4.36,0.17,0.86,19,2
2754939,837619,2,75,1,0,0,291,1376,2.46,0.09,0.69,16,2
4326650,317645,0,77,0,2,0,211,2773,2.88,0.23,0.84,5,1
1777750,73926,1,22,1,3,2,183,1091,2.78,0.12,0.87,19,2
2129742,699797,2,89,0,0,2,432,2286,3.89,0.06,0.84,15,1
1673043,936685,0,68,1,2,2,475,2131,2.32,0.04,0.86,20,1
3051340,453312,3,26,0,1,2,70,1999,3.1,0.18,0.89,4,0
2426198,102959,3,64,1,1,1,170,1462,4.06,0.11,0.78,9,2
4547696,653307,1,66,1,0,1,267,753,3.82,0.02,0.9,1,0
3405941,144920,3,99,0,3,2,325,305,4.3,0.15,0.76,12,2
2378649,780699,3,6,0,1,0,409,3400,3.25,0.27,0.73,2,2
3312728,825789,1,69,0,0,1,246,3881,4.57,0.13,0.82,3,0
782905,685332,0,37,0,1,0,331,4582,2.52,0.11,0.61,24,0
4363935,96017,1,9,1,0,2,167,2081,3.11,0.25,0.63,17,2
3346006,322937,1,65,1,3,0,251,1601,3.12,0.28,0.89,9,1
3938633,584520,2,34,1,3,2,278,2121,3.48,0.07,0.72,3,2
1907733,293529,3,46,1,0,2,376,3435,2.37,0.06,0.76,22,2
3690195,135407,3,8,0,3,2,333,3753,3.43,0.29,0.66,7,0
4588175,837505,2,77,1,2,0,466,143,4.2,0.29,0.75,19,2
2864134,98636,1,23,0,2,2,114,2985,2.78,0.07,0.84,20,0
2560480,886498,0,51,0,2,2,380,574,2.41,0.2,0.69,17,2
4690526,721558,0,4,1,1,2,167,213,2.39,0.23,0.81,24,0
1434678,788279,0,82,0,1,2,495,2353,2.49,0.22,0.74,16,1
4532338,331071,3,84,1,0,2,305,4010,2.5,0.16,0.69,6,1
2076178,376709,3,33,0,1,2,292,2947,4.75,0.16,0.98,14,1
1146883,245764,0,31,0,2,1,28,1336,3.29,0.19,0.67,13,0
1192491,162837,3,40,1,3,0,281,3217,2.62,0.25,0.99,21,0
4429956,466018,2,74,0,2,1,262,1221,3.21,0.13,0.81,12,0
2477684,345367,3,47,1,3,0,317,1606,2.79,0.03,0.63,10,0
1499101,206202,2,76,1,3,2,406,4377,2.29,0.17,0.63,2,0
3246310,605328,3,77,1,3,1,274,3024,3.39,0.3,0.77,1,1
3025083,506886,1,93,1,0,2,281,1262,3.6,0.18,0.69,22,2
4334301,278164,0,23,0,1,0,244,2076,3.72,0.19,0.65,15,0
1686797,63393,3,51,1,0,2,311,3787,2.44,0.03,0.7,23,2
1526723,72524,0,66,1,1,1,299,4759,4.0,0.19,0.9,18,2
454953,545882,3,49,0,3,0,468,1298,2.65,0.26,0.68,3,2
225890,734710,1,30,1,0,2,365,1320,3.74,0.21,0.82,8,1
4301190,96333,1,94,0,1,1,92,2282,2.69,0.17,0.65,16,2
2947477,61183,2,49,0,3,0,11,2735,4.89,0.17,0.94,4,1
4900068,503168,0,13,0,2,1,250,3440,2.18,0.08,0.88,18,1
2235451,133054,3,66,1,0,0,68,4714,3.77,0.15,0.65,9,0
3414743,476870,0,36,1,1,0,10,3126,4.12,0.22,0.61,1,1
1030195,887353,0,9,0,2,1,297,4576,2.92,0.25,0.87,15,1
3724584,454945,0,27,0,0,1,469,1581,2.12,0.2,0.73,18,0
2835131,847645,1,19,0,3,2,432,2424,3.64,0.11,0.7,3,0
3387626,576735,1,10,1,0,2,212,4346,4.07,0.02,0.7,14,0
4596894,765559,0,40,0,1,0,411,4148,2.85,0.27,0.82,20,0
3870445,523690,1,86,1,1,0,220,1809,3.09,0.25,0.68,9,0
962218,772878,0,90,1,1,0,413,959,2.24,0.04,0.64,10,2
2202541,144364,1,5,0,3,1,77,3049,3.85,0.19,0.8,17,2
1491039,229453,0,70,0,0,1,152,1749,4.25,0.28,0.87,2,1
4482147,547761,3,25,0,1,0,279,3879,3.13,0.29,0.98,6,2
4906527,641863,0,37,0,3,2,471,908,4.14,0.27,0.95,19,1
1461871,735658,3,96,1,1,2,475,2390,2.75,0.13,0.69,5,1
4720433,86978,2,8,1,3,2,55,1437,2.58,0.29,0.82,24,2
979886,779535,1,9,1,2,1,414,2736,4.94,0.27,0.97,17,1
2415072,897900,2,51,1,1,2,203,3335,4.02,0.11,0.95,13,1
881019,737466,2,45,0,1,2,178,465,3.16,0.17,0.65,18,2
3939024,197813,2,90,0,3,1,288,968,4.34,0.08,0.72,3,2
1501761,212073,0,28,0,2,1,53,3305,4.96,0.03,0.69,9,0
3011645,556450,3,11,1,0,0,55,1000,2.99,0.02,0.71,12,0
2093538,699507,1,82,1,1,2,377,4754,3.25,0.21,0.64,6,0
4077671,176607,3,32,0,2,0,403,4161,3.25,0.02,0.61,21,0
4370885,222171,3,74,1,3,2,455,195,3.86,0.2,0.63,24,1
1936598,862004,0,64,1,1,0,119,3258,2.96,0.27,0.8,17,1
3306115,789310,2,1,1,2,2,12,3251,4.08,0.06,0.96,2,0
1833274,210800,1,6,1,3,0,306,3557,4.98,0.18,0.78,12,1
4312381,112424,2,17,1,2,1,139,2684,3.29,0.29,0.93,5,1
690298,754225,3,41,1,2,0,482,2220,3.09,0.22,0.63,9,0
105010,624092,2,58,1,3,2,253,4258,2.7,0.03,0.63,22,1
990654,98418,3,74,1,3,2,70,4192,3.31,0.17,0.65,11,0
4366121,389449,2,54,0,1,2,310,3544,4.6,0.23,0.73,7,2
2670104,205614,1,16,0,0,1,449,3067,2.22,0.13,0.83,18,0
3704348,492531,1,64,1,1,0,187,2705,2.13,0.09,0.99,2,1
3526880,612477,3,42,1,3,2,198,1394,3.01,0.2,0.87,6,0
861946,200990,0,61,0,0,0,367,4697,3.9,0.25,0.94,4,2
3854352,184000,3,11,1,0,0,100,974,3.92,0.05,0.65,19,2
193253,170629,0,87,1,3,1,133,376,2.59,0.04,0.71,10,0
4377781,189924,3,34,0,3,2,437,4486,2.03,0.19,0.92,14,2
288994,893718,0,5,1,1,1,457,4643,4.78,0.01,0.79,12,1
920261,263190,1,94,0,1,1,303,203,4.6,0.26,0.66,7,1
2406789,940543,0,44,0,1,0,386,3962,3.54,0.1,0.97,19,1
4829786,382311,0,64,0,0,0,480,1593,4.61,0.14,0.72,4,0
148785,825258,3,59,1,3,1,230,983,3.32,0.23,0.71,13,0
1567298,893104,3,42,1,1,1,413,1137,3.06,0.02,0.88,19,2
3757672,649141,1,6,0,2,2,44,3717,4.87,0.21,0.82,19,0
2166115,733619,1,21,1,2,0,441,2948,4.15,0.15,0.89,1,0
3059344,627508,2,11,1,1,2,336,4199,4.46,0.23,0.67,6,1
456251,852545,2,90,1,2,0,221,4008,2.96,0.16,0.8,16,0
2192604,756131,3,21,1,2,0,94,4069,3.84,0.12,0.94,8,2
1775020,372517,3,87,0,3,1,63,4477,2.35,0.24,0.64,24,1
4413827,739903,1,58,1,2,2,358,3998,3.35,0.04,0.79,15,0
331285,232346,3,93,0,3,2,289,3049,3.61,0.08,0.69,1,2
1646220,550092,2,34,0,0,1,114,4672,3.63,0.1,0.88,1,0
3496538,485544,2,85,0,2,1,315,4665,4.94,0.26,0.96,17,2
2020501,611793,1,78,1,2,0,85,4190,3.84,0.29,0.95,9,0
4396203,385073,1,13,0,3,0,358,4474,2.22,0.28,0.89,7,2
2688351,640878,2,27,0,0,0,70,2481,4.43,0.27,0.92,3,2
4932503,501904,3,60,0,2,2,216,4618,2.79,0.03,0.83,8,0
2888452,897577,1,75,0,1,2,390,2347,3.93,0.15,0.93,18,0
1367998,605163,2,82,0,3,0,100,2150,2.69,0.17,0.76,18,0
3592581,945330,0,28,1,1,2,223,925,2.58,0.22,0.8,5,1
3729670,212463,1,1,1,2,1,200,3505,4.54,0.24,0.99,12,2
2670647,398660,0,21,0,0,0,136,1838,4.32,0.04,0.61,8,0
4741984,364720,0,16,0,2,2,407,3942,3.75,0.2,0.66,4,2
1630736,805001,1,78,1,2,1,468,3301,4.43,0.23,0.71,14,0
3927789,994497,1,31,0,0,0,314,1495,3.42,0.25,0.99,15,2
2990914,506488,3,93,0,1,0,478,2283,4.36,0.08,0.98,8,0
4052688,397601,0,61,0,1,1,272,878,2.08,0.03,0.78,21,2
3199099,58300,1,26,0,0,2,156,2888,4.82,0.16,0.92,9,0
2987774,652253,0,32,0,1,2,297,160,3.21,0.29,0.68,9,2
916032,914234,1,86,0,1,2,186,2968,2.92,0.11,0.75,8,0
1146644,838246,2,58,1,1,2,215,453,4.94,0.05,0.63,21,2
2160961,756679,2,79,0,1,0,445,3435,2.2,0.17,0.63,11,0
3149600,357103,3,7,1,0,1,459,1223,2.86,0.03,0.74,12,1
1125611,209380,1,92,0,3,1,246,711,4.41,0.22,0.65,14,0
2270389,727562,3,79,1,0,1,37,762,2.11,0.28,0.98,18,1
1762655,313502,3,18,0,2,0,300,2240,3.58,0.07,0.85,11,0
4271562,723985,2,93,0,1,0,463,3363,3.3,0.1,0.7,4,0
262429,942399,1,15,1,3,0,141,3377,2.69,0.07,0.62,6,2
882411,493063,1,53,1,1,2,112,4086,4.76,0.07,0.8,15,0
559511,722234,2,1,0,1,0,320,2703,3.53,0.16,0.9,17,1
752905,217086,2,67,0,2,0,271,665,2.06,0.11,0.79,5,1
4319108,328791,1,46,0,1,0,388,2643,4.38,0.21,1.0,23,0
197015,705353,1,74,1,1,0,31,2851,4.21,0.09,0.86,14,2
2529112,764160,3,23,1,0,1,415,3983,4.37,0.08,0.7,21,1
4619853,299590,0,51,1,1,2,387,2154,3.03,0.06,0.71,2,2
952290,759519,2,2,1,3,0,455,3060,2.19,0.13,0.93,23,2
2331775,250688,1,67,0,3,1,48,2132,3.23,0.3,0.72,18,0
2379592,772988,2,96,0,0,2,30,4777,3.1,0.05,0.94,22,1
2793500,740899,1,40,0,0,1,217,3017,4.4,0.09,0.72,20,1
1579321,511995,2,25,0,3,0,400,3920,4.21,0.28,0.62,5,0
3747682,339757,1,51,0,0,2,38,138,2.11,0.02,0.97,10,1
4930399,685292,3,71,1,1,2,172,4794,4.89,0.07,0.94,15,1
2722215,118474,0,23,1,0,0,313,4784,3.6,0.17,0.66,17,0
2871027,881247,3,29,1,2,1,387,4871,3.98,0.03,0.93,5,2
1878501,437613,1,65,1,2,1,220,394,2.02,0.17,0.94,5,0
4379372,556396,0,18,1,1,2,386,612,4.74,0.04,0.79,12,0
3210222,295628,0,23,1,3,0,224,2188,3.59,0.05,0.73,2,0
905319,739008,2,59,1,1,2,183,3321,2.84,0.25,0.95,21,0
4647848,693584,0,4,0,0,1,63,3608,4.66,0.05,0.8,17,2
1945298,498492,3,10,1,3,1,195,3157,4.9,0.1,0.96,21,1
1217389,581063,2,59,1,2,0,65,4371,2.56,0.09,0.64,19,0
1881645,214885,2,6,1,1,2,291,4326,4.13,0.18,0.89,2,2
4575358,387493,3,16,1,0,0,8,3367,3.26,0.03,0.81,21,2
3669977,499667,3,43,1,2,1,493,3046,3.6,0.26,0.77,3,2
3426102,785620,2,63,1,2,0,278,4162,3.33,0.16,0.89,21,0
1537650,851793,2,86,0,1,1,38,559,2.19,0.24,0.61,2,0
1557508,628478,3,70,0,3,1,385,1897,4.33,0.27,0.93,23,0
576571,166391,0,41,0,0,2,367,3179,2.91,0.03,0.77,3,2
4478499,873526,3,30,0,0,1,295,3080,4.63,0.05,0.75,24,1
4657721,355030,3,33,1,1,0,42,1284,2.32,0.23,1.0,1,2
3972252,961365,2,49,0,1,1,477,4469,3.24,0.21,0.71,11,0
2133187,232158,1,58,1,0,1,94,1500,2.81,0.24,0.83,19,1
1326492,670540,3,8,1,3,0,13,2694,3.5,0.07,0.73,6,1
1472837,566768,0,89,0,2,2,209,4905,3.55,0.07,0.65,15,1
4263868,688522,1,67,0,3,2,317,1894,4.57,0.21,0.73,12,2
3545979,204592,2,31,1,3,1,256,824,5.0,0.17,0.79,21,0
2217777,214524,0,27,1,0,2,26,4854,2.21,0.06,0.98,5,0
824708,621213,1,44,1,3,2,439,3371,4.87,0.07,0.89,8,2
1148825,627009,3,78,0,1,0,477,3680,3.27,0.07,0.66,20,2
4666839,61077,1,40,1,3,2,358,1562,2.09,0.17,0.65,17,0
2443891,164987,3,91,1,0,0,124,442,2.73,0.1,0.85,3,2
2165886,182365,1,27,1,3,0,76,4391,3.64,0.28,0.92,16,0
2440723,56773,2,28,1,0,2,496,2613,3.67,0.14,0.8,11,2
3673211,572061,2,89,0,2,0,274,3481,2.27,0.03,0.71,21,1
4432371,206224,1,55,0,0,0,289,871,4.16,0.1,0.61,13,1
518957,653425,1,36,1,1,2,50,463,2.54,0.19,0.87,16,0
2698940,281646,0,7,0,2,2,458,4782,2.36,0.29,0.74,4,0
4559112,201365,0,65,0,0,0,449,2278,2.29,0.18,0.83,5,2
4192459,553623,1,37,1,2,1,321,3022,3.7,0.13,0.84,18,1
2649050,627084,0,24,1,1,1,67,1212,2.03,0.03,0.7,14,1
3534665,152461,2,80,1,1,2,331,4287,4.28,0.04,0.63,10,2
4397351,418417,2,17,0,0,2,389,3209,2.89,0.05,0.93,3,0
4404280,422921,2,11,1,0,1,348,617,3.57,0.06,0.63,24,2
2840245,440119,3,5,1,3,2,162,4338,3.85,0.05,0.99,8,2
479123,774924,3,98,0,3,0,154,1673,3.96,0.02,0.62,13,1
3464277,956301,1,8,0,2,1,16,2892,3.91,0.21,0.69,4,1
3806087,962005,2,98,1,2,1,128,1697,2.74,0.04,0.68,16,1
4034593,858859,1,14,0,3,0,173,3440,3.97,0.29,0.87,7,0
1348404,919794,0,48,1,0,0,233,913,3.53,0.26,0.74,16,0
1256044,599374,0,50,1,2,0,15,3772,4.75,0.2,0.81,23,1
2136259,598966,3,93,0,1,1,413,3298,3.59,0.3,0.8,12,2
1709338,262146,1,16,0,3,1,314,3638,2.54,0.22,0.75,8,1
3912683,903349,3,86,0,0,0,340,2037,4.28,0.15,0.79,4,2
324046,122292,3,40,1,0,0,51,4899,3.79,0.25,0.89,3,1
3408798,285055,0,31,1,1,1,424,4959,2.67,0.3,0.86,2,2
4521877,100398,1,82,0,2,1,190,318,2.71,0.13,0.65,21,2
567326,138425,3,68,1,1,1,422,1664,4.68,0.27,0.95,19,1
1313875,913341,2,100,0,0,1,58,1415,4.03,0.05,0.93,11,1
4710920,178363,3,57,1,0,0,273,1747,4.65,0.17,0.68,4,0
4315441,825784,2,67,1,0,1,94,520,4.13,0.08,0.73,23,0
3972650,553018,1,53,1,1,2,367,3537,3.31,0.19,0.79,5,0
864256,430099,1,50,1,1,2,461,3735,4.45,0.24,0.93,18,2
2390616,722004,2,99,0,1,1,86,523,4.06,0.03,0.63,15,2
4284220,682821,1,83,1,2,1,382,2800,2.04,0.11,0.78,18,2
2422100,527758,1,66,1,0,2,190,4787,2.83,0.14,0.98,13,0
4091064,281045,1,7,1,2,0,44,2411,4.95,0.04,0.89,10,1
1082894,258124,1,47,1,1,1,119,2246,4.96,0.21,0.68,20,1
2454716,124332,2,92,0,3,2,144,2778,4.85,0.05,0.63,23,0
1730351,999397,2,10,1,2,1,109,1684,2.11,0.12,0.84,1,2
1326289,618201,0,69,0,0,2,34,4435,2.78,0.02,0.79,2,2
4118290,842536,2,27,0,1,0,421,567,2.34,0.17,0.69,12,1
1381856,459549,1,76,0,1,2,381,4515,2.1,0.15,0.78,5,1
1524718,281462,3,100,1,3,1,473,268,3.01,0.09,0.69,1,1
131243,120412,2,71,1,1,1,190,1777,4.4,0.24,0.78,24,1
1358832,98181,1,49,1,1,0,259,1744,3.16,0.17,0.68,16,2
732592,137206,0,78,0,0,2,242,4091,3.8,0.25,0.79,17,2
3328807,642141,0,28,0,2,1,275,4904,3.62,0.06,0.95,14,0
2922990,681058,0,70,1,3,0,145,3741,4.31,0.27,0.74,9,2
2569400,576685,0,49,1,0,0,413,3277,2.34,0.09,0.93,5,0
4851434,142061,3,51,1,3,0,335,2277,2.93,0.24,0.81,6,1
733033,127610,3,22,1,3,1,206,1913,2.44,0.16,0.7,17,2
4734238,648883,2,13,1,2,0,56,3168,2.69,0.19,0.97,4,2
1446177,690514,2,95,0,2,0,410,1106,2.17,0.23,0.95,22,2
3957451,688701,2,2,0,0,0,190,946,2.55,0.2,0.88,7,0
1256623,855848,0,9,0,3,2,53,1841,3.88,0.09,0.95,15,2
2996674,409004,2,25,1,3,2,161,1345,4.17,0.06,0.99,7,2
878407,728843,1,26,0,1,1,309,4920,2.26,0.24,0.95,3,0
2668374,744203,2,23,1,3,1,409,4168,2.49,0.06,0.69,20,1
3821332,433392,2,20,1,0,2,423,4607,2.25,0.3,0.66,2,0
393815,892391,2,16,1,1,0,473,2300,2.9,0.15,0.84,15,1
4454689,262069,3,61,0,1,0,306,2064,3.6,0.18,0.66,23,2
1612682,589473,2,52,0,1,1,39,553,3.62,0.23,0.71,21,1
3883782,992307,0,46,1,0,1,207,3892,3.05,0.03,0.74,13,1
658472,782802,1,43,1,1,2,79,4719,2.78,0.14,0.8,15,2
673767,390791,0,92,0,3,0,422,4073,3.89,0.09,0.8,2,1
3978731,704689,0,68,0,1,0,340,1796,3.82,0.14,0.95,21,1
1365834,610287,3,17,0,0,2,335,2560,3.25,0.18,0.72,16,1
1328546,470872,0,6,0,0,2,467,4908,4.5,0.1,0.66,6,0
2348499,750908,1,90,0,2,0,359,4307,2.76,0.05,0.69,20,2
2410107,646906,1,37,1,1,1,94,522,4.04,0.16,0.9,13,1
4811941,895988,2,38,0,2,1,419,4875,4.38,0.09,0.71,12,2
4952264,784075,0,85,0,1,0,469,2706,4.46,0.18,0.63,22,1
1517876,849241,2,58,1,3,1,274,2874,3.6,0.09,0.79,11,1
2101036,491843,2,2,0,1,2,91,4106,2.55,0.13,0.9,22,1
779060,149543,0,63,1,1,2,266,3865,3.93,0.13,0.82,3,2
3873456,410558,0,39,0,2,2,11,1007,3.78,0.08,0.68,15,1
2119697,814811,2,90,0,2,2,499,4277,3.82,0.15,0.69,11,1
4551433,996973,0,60,0,3,0,45,1080,2.48,0.07,0.9,11,0
3222352,347174,0,95,1,0,2,334,4484,4.28,0.05,0.79,3,1
1273768,793662,1,8,1,3,0,33,1969,4.21,0.23,0.87,10,0
2580268,971574,2,69,0,1,2,122,3088,4.9,0.27,0.96,18,2
3473012,921392,3,82,0,2,0,115,2461,4.92,0.11,0.7,23,0
3592320,376416,3,54,0,0,2,130,1041,2.8,0.16,0.92,11,2
4990620,779398,2,14,1,1,1,420,1527,2.65,0.14,0.87,22,2
1121812,231371,2,59,1,0,0,116,3197,2.77,0.01,0.98,11,1
3188394,922941,0,15,1,0,2,408,2698,2.98,0.11,0.76,16,1
1840883,245357,0,36,0,1,0,30,2608,4.52,0.2,0.6,11,2
1860963,845248,0,96,1,1,1,319,2719,4.26,0.27,0.84,2,0
140621,210386,3,26,0,3,1,232,1191,4.16,0.03,0.77,5,2
1451182,274881,1,13,1,1,0,404,2164,3.63,0.11,0.79,21,2
1073875,59225,1,36,0,0,0,302,1478,3.27,0.12,0.95,4,2
2946849,416710,1,22,0,3,2,489,470,4.49,0.11,0.77,13,1
4983595,526729,3,32,1,3,0,332,4957,2.55,0.25,0.94,8,0
457655,114995,0,97,1,0,2,328,3109,2.39,0.17,0.79,24,0
2674594,962423,0,58,0,0,1,103,1487,2.75,0.16,0.62,5,2
768055,590758,2,34,0,2,2,294,3215,2.51,0.11,0.67,7,0
2142921,194926,2,9,1,3,0,154,2442,3.3,0.12,0.97,6,1
3527245,266552,2,78,0,1,0,119,531,2.42,0.26,0.62,18,2
2937155,99920,2,62,0,3,0,26,3353,3.77,0.24,0.71,1,1
1490474,332690,3,23,0,0,2,229,2617,4.19,0.12,0.96,8,1
1445189,851627,2,65,1,0,0,377,634,3.77,0.07,0.84,1,0
1926184,218292,0,76,1,3,1,70,3590,3.34,0.1,0.84,22,0
4547451,453769,2,67,0,2,0,264,3875,3.52,0.26,0.77,21,2
372765,75256,2,93,0,2,0,445,1082,2.06,0.29,0.67,23,2
1169298,907614,3,22,1,2,2,421,3295,3.22,0.03,0.65,11,2
1090017,947149,3,97,0,1,1,499,590,3.19,0.08,0.63,11,2
2863728,112781,3,96,1,0,0,453,1146,2.18,0.08,0.93,16,2
3634728,459177,0,82,1,3,2,140,4342,2.79,0.17,0.79,11,0
2559142,838772,1,22,1,0,1,242,4808,3.47,0.2,0.8,5,2
1476826,417824,0,41,0,1,1,185,3905,2.44,0.18,0.64,4,0
4202773,296176,3,46,1,1,2,240,2600,2.16,0.07,0.69,14,1
767029,782820,2,87,1,2,2,21,837,4.43,0.2,0.95,14,0
2441657,990936,2,88,0,1,2,320,2684,4.47,0.15,0.87,19,1
2956065,892627,1,31,0,1,0,245,2912,2.22,0.29,0.82,3,0
3217328,684892,2,29,1,3,2,26,4464,3.82,0.2,0.81,16,2
3150830,961115,0,8,0,0,0,290,4164,3.55,0.18,0.77,6,1
3006129,467113,0,65,1,0,0,208,2835,3.72,0.09,0.88,23,2
3098328,582572,0,81,0,1,1,366,4564,3.13,0.3,0.76,9,1
3610509,848168,1,21,1,2,1,108,2055,3.22,0.16,0.95,12,1
2679863,152180,2,61,0,0,0,389,3723,3.84,0.2,0.91,1,2
2457841,740779,2,82,0,2,0,49,803,3.3,0.21,0.95,6,0
4491692,133353,3,56,0,3,0,74,4341,2.75,0.26,0.73,23,0
4964863,867909,0,88,0,0,0,81,653,3.94,0.26,0.99,23,1
1186069,58345,3,55,1,2,0,394,3620,2.21,0.24,0.61,3,0
141366,412727,0,81,0,0,0,346,2727,2.48,0.14,0.82,5,0
3481031,529956,3,30,0,0,0,254,294,3.91,0.2,0.72,3,2
2712514,795951,3,98,0,1,0,222,2810,2.4,0.26,0.98,13,1
2390793,64388,2,77,0,1,0,102,3708,4.35,0.16,0.72,8,2
3740973,535658,0,30,1,3,2,143,3771,3.46,0.14,0.65,12,1
4673894,180816,1,45,0,0,0,113,371,2.85,0.22,0.64,22,2
4053037,533179,1,16,0,0,1,39,1303,3.38,0.04,0.65,10,1
2197504,196973,2,31,1,3,0,127,795,2.71,0.01,0.89,11,0
2688686,587951,0,60,0,2,0,465,2014,3.44,0.06,0.87,2,0
4598397,684778,2,66,0,0,1,152,2439,3.98,0.3,0.67,15,2
4614871,802298,0,92,1,3,0,204,2246,3.78,0.1,0.72,3,2
2934915,848080,2,3,0,3,2,461,1228,3.71,0.13,0.86,3,0
3487034,897756,1,82,1,3,0,231,3665,2.2,0.13,0.9,19,1
4864747,986458,2,72,0,0,0,296,1650,3.84,0.07,0.82,16,0
4035642,271342,1,98,0,1,0,0,1189,4.46,0.01,0.94,5,1
4019819,584572,2,1,0,3,2,286,2933,3.31,0.16,0.95,22,2
1384816,383734,0,51,1,3,0,25,4963,4.76,0.16,0.74,15,0
2940051,726436,1,96,1,1,0,317,1118,3.05,0.17,0.79,5,0
4660085,287518,3,65,0,3,2,224,2640,3.29,0.03,0.78,11,1
1907711,789140,0,57,0,1,0,170,2374,4.95,0.06,0.76,4,2
332555,636812,1,42,0,1,0,365,2596,2.44,0.04,0.69,15,2
2191918,571698,2,44,0,0,2,435,3549,2.14,0.03,0.96,17,2
4669291,457321,3,89,1,1,1,423,2390,3.94,0.18,0.83,7,2
1499339,905828,2,65,1,1,2,400,1573,3.95,0.19,0.71,12,2
169888,76798,3,85,1,2,2,471,3198,3.46,0.09,0.83,4,1
3552471,792031,0,12,0,1,2,228,2193,2.13,0.28,0.66,15,2
3745863,305092,3,30,0,1,0,7,1409,2.57,0.12,0.82,23,2
4594316,678169,0,55,0,0,1,335,2597,4.18,0.09,0.91,17,2
513852,738172,2,92,0,0,1,414,1071,3.44,0.19,0.81,11,2
2750803,487294,1,4,1,3,2,287,1769,3.54,0.22,0.91,23,2
4102482,519549,3,89,0,3,0,420,1578,2.73,0.24,0.8,22,1
4127363,781751,3,4,1,1,1,145,500,3.34,0.28,0.78,21,2
2836354,953313,1,62,0,1,1,63,1691,4.68,0.16,0.77,13,2
987389,951172,3,8,0,3,2,229,998,3.3,0.21,0.96,22,0
4232427,80467,0,2,0,3,0,425,368,2.32,0.22,0.95,6,2
2901394,995311,1,40,0,2,1,88,3295,3.77,0.14,0.76,15,2
2423997,464375,3,23,0,1,1,281,2660,2.46,0.27,0.72,16,1
1910594,663957,3,89,0,1,2,186,2454,3.17,0.08,0.61,10,2
2406784,686694,0,2,1,1,1,117,1539,3.86,0.27,0.62,23,2
2753813,243919,1,98,0,3,2,284,2577,2.61,0.29,0.75,22,0
561640,750681,2,21,1,3,1,451,4877,2.14,0.21,0.76,5,2
700290,502299,0,68,1,3,1,331,3308,3.68,0.07,0.91,8,0
1756578,554992,2,1,0,2,0,75,2351,2.24,0.16,0.78,8,2
3181144,232381,2,53,0,1,1,251,3198,4.89,0.19,0.67,19,2
2944566,737522,1,59,0,0,1,282,4219,3.68,0.15,0.87,4,0
732899,350481,3,79,0,3,1,448,3409,2.36,0.19,0.93,7,2
2272694,911960,1,81,1,2,2,335,3359,3.16,0.28,0.88,1,0
802159,627160,3,46,1,1,2,409,3571,3.62,0.18,0.75,5,0
2761423,100062,3,9,1,0,1,197,2851,2.35,0.28,0.79,21,1
3238909,598676,1,12,0,2,0,94,4868,2.12,0.13,0.75,19,2
1415085,408866,1,9,0,3,2,281,3648,2.86,0.28,0.68,7,0
4738238,418660,1,6,1,3,0,210,4751,2.94,0.27,0.9,20,0
2995246,724066,1,30,0,2,2,382,2412,3.49,0.06,0.91,22,0
265132,712216,2,82,1,2,1,163,2009,2.27,0.22,0.76,6,2
1312106,52030,0,46,1,2,0,476,2416,2.24,0.17,0.75,7,0
4336364,969794,0,50,1,1,0,53,3017,3.47,0.03,0.86,9,1
2218484,388827,1,82,1,2,0,81,889,4.72,0.19,0.9,15,1
380824,485227,3,74,0,2,0,208,2205,2.16,0.12,0.85,4,1
3808209,798038,3,3,0,1,2,460,556,3.84,0.28,1.0,20,1
1274842,935863,1,20,0,2,1,478,1136,3.21,0.24,0.71,3,0
2204873,660089,1,87,0,1,1,212,4265,3.09,0.02,0.89,12,0
4228860,869753,3,75,1,1,1,20,3943,4.1,0.15,0.73,4,0
885813,463313,2,37,0,0,0,459,4727,4.09,0.02,0.8,24,2
3297063,370555,3,10,1,3,1,25,158,4.77,0.15,0.75,17,0
530623,594099,2,100,0,3,0,197,1686,3.01,0.25,0.89,20,2
621471,141197,0,1,0,0,1,314,4132,4.09,0.23,0.74,16,2
1049351,271983,3,22,0,2,2,20,940,2.01,0.15,0.93,23,1
1682181,828440,0,3,0,1,0,105,4840,4.59,0.06,0.63,16,0
1571238,72569,1,79,0,3,0,207,2177,4.71,0.13,0.6,16,1
2782113,258319,3,35,1,1,1,447,4475,2.3,0.05,0.95,15,1
2737546,654223,3,28,1,0,0,296,2464,3.74,0.29,0.93,11,2
1320195,359252,3,79,1,3,0,138,966,3.35,0.16,0.67,18,2
359026,419157,2,48,1,2,1,7,2050,2.83,0.05,0.67,6,0
2030071,191286,3,96,1,3,2,174,3225,4.0,0.09,0.71,7,1
966358,846307,1,30,0,3,2,315,3409,2.7,0.04,0.95,4,1
4491501,935562,3,100,1,0,2,208,836,2.24,0.1,0.84,18,0
494258,974347,0,24,0,0,2,478,1618,3.41,0.08,0.67,3,0
4000098,392783,0,69,0,1,1,61,1853,2.86,0.12,0.97,3,0
1647243,880706,0,10,1,0,0,142,4314,2.59,0.13,0.65,6,0
2502924,592224,0,55,1,3,1,102,4252,4.07,0.05,0.84,7,0
2737799,324864,3,2,0,1,2,96,3764,3.46,0.16,0.84,2,1
109672,619743,2,59,0,2,1,91,4949,2.04,0.28,0.87,10,1
1144763,356825,3,49,1,1,0,139,1527,3.43,0.11,0.74,9,1
2810628,504535,0,3,0,2,0,260,2832,2.76,0.27,0.65,10,1
2882697,761045,2,70,0,1,0,323,628,2.81,0.14,0.88,21,2
2863653,378355,0,45,1,2,1,208,1864,3.85,0.11,0.83,3,0
4142774,152560,3,76,1,0,0,290,4951,4.0,0.03,0.99,17,0
4278584,832855,0,82,0,0,2,39,2564,2.35,0.08,0.89,16,1
818112,504566,3,30,0,2,2,183,2833,3.95,0.11,0.61,11,1
3019403,859997,2,96,1,0,0,377,472,4.52,0.13,0.86,2,2
2970714,871459,2,44,0,1,2,293,2727,3.31,0.04,0.77,13,0
2808285,947238,3,10,0,0,0,401,3874,4.95,0.27,0.8,21,1
604551,528294,3,96,0,0,2,391,570,3.72,0.09,0.8,19,1
4677508,408527,3,65,1,0,2,348,646,4.65,0.11,0.72,1,0
4481923,568789,3,86,0,1,2,344,927,4.6,0.11,0.75,3,0
4671520,953487,0,96,1,0,2,428,1185,4.84,0.24,0.86,16,2
136595,687318,3,35,1,2,1,477,1306,2.52,0.3,0.94,6,0
3229520,437197,3,44,0,0,0,30,1898,4.42,0.16,0.88,23,2
3247308,179852,3,29,0,1,2,409,1904,4.8,0.07,0.96,4,1
1208849,195007,2,83,1,2,1,188,1039,4.18,0.06,0.8,10,1
421398,757390,1,65,1,0,0,123,416,2.9,0.18,0.84,23,1
4591175,903900,1,63,0,0,2,422,3921,4.18,0.16,0.79,19,2
697416,254541,1,27,1,2,2,312,2761,3.13,0.07,0.88,2,0
1138984,558588,0,47,1,3,0,500,1508,3.07,0.18,0.62,11,2
3465563,878584,3,58,1,3,2,92,959,2.9,0.17,0.76,11,0
3870278,161421,3,54,0,1,0,263,3848,2.99,0.24,0.89,12,1
3185682,941757,1,48,1,3,2,273,2999,2.77,0.11,0.96,2,0
1576825,126728,0,30,1,1,1,336,1173,2.28,0.05,0.88,20,0
4397570,561968,0,51,1,1,0,300,4089,3.66,0.02,0.63,17,2
4997655,718147,2,26,1,3,0,458,4101,3.89,0.27,0.63,20,0
3061075,68221,0,72,0,0,1,432,225,3.62,0.27,0.95,15,1
2581043,870763,3,97,0,2,2,196,335,2.21,0.11,0.96,2,1
2774688,943729,3,57,0,1,1,23,3654,3.4,0.15,0.82,19,2
218388,329741,1,50,0,2,2,108,2861,3.88,0.17,0.67,4,1
4662402,767170,1,67,1,2,0,116,2112,4.66,0.29,0.98,2,1
4388446,293999,3,50,0,0,2,185,195,4.67,0.1,0.99,11,2
3231976,636966,3,33,1,0,0,449,4160,3.0,0.17,0.78,3,2
3414420,134407,0,37,0,3,2,306,2450,4.77,0.18,0.86,6,1
918024,60526,0,17,0,2,2,262,3319,2.98,0.04,0.96,8,0
3872777,991237,3,73,0,3,0,198,4021,3.09,0.17,0.66,1,1
3691152,999381,3,57,0,0,1,101,4644,4.97,0.1,0.83,4,0
1090262,530160,3,41,1,1,0,21,1552,3.95,0.23,0.89,14,0
3887670,106157,1,88,1,0,2,348,3184,2.64,0.06,0.85,19,0
4841100,427998,0,52,0,0,1,319,4127,2.64,0.16,0.63,22,1
2479841,832825,2,5,0,0,2,494,3173,2.75,0.23,0.75,3,0
1873521,783193,0,45,0,1,1,151,3692,2.55,0.27,0.62,13,2
1518426,884412,3,79,0,3,2,357,1008,4.9,0.24,0.74,7,0
171573,70729,3,64,1,3,2,488,2132,4.19,0.16,0.85,14,2
3463262,302286,1,43,1,3,1,200,3147,2.45,0.25,0.9,22,1
4528970,792184,3,77,0,1,2,197,470,3.13,0.24,0.87,9,2
3537358,460091,1,82,1,0,0,280,546,3.09,0.04,0.67,16,0
2967591,974287,2,67,1,3,1,128,3207,4.25,0.25,0.94,8,1
2749374,215732,3,39,0,0,1,150,1587,4.93,0.26,0.68,19,1
149854,963212,0,56,0,0,1,265,1348,3.92,0.11,0.63,2,1
721483,945100,3,44,1,3,2,375,1196,2.29,0.05,0.82,2,1
139480,87524,1,31,1,2,0,235,2112,3.22,0.15,0.84,20,2
4181456,958778,0,29,0,1,2,422,4163,4.74,0.02,0.65,12,2
3344846,615866,1,25,0,0,1,329,4221,3.42,0.23,0.88,1,0
271223,376579,0,84,0,3,1,319,2496,3.92,0.07,0.86,7,2
1261834,460745,1,14,0,2,0,436,2736,2.1,0.25,0.76,21,2
949448,395845,3,50,1,3,2,480,2156,3.66,0.09,0.65,9,2
3489908,506785,3,52,0,2,2,119,3338,4.97,0.27,0.93,7,0
3887398,90404,0,77,1,0,1,394,1236,4.63,0.17,0.65,12,1
4108451,502059,0,71,1,3,0,419,3538,4.78,0.14,0.65,22,0
2232280,276673,0,53,0,2,2,119,498,3.96,0.21,0.63,3,1
1257610,870755,1,17,1,0,0,464,1438,3.83,0.05,0.93,21,0
108407,375457,3,97,1,0,1,202,711,2.5,0.15,0.7,19,1
192320,72957,2,17,0,1,1,301,2542,4.77,0.18,0.69,24,2
4834879,116770,1,49,0,3,2,293,3768,2.55,0.14,0.77,9,0
3862385,199189,3,33,1,1,1,285,835,3.57,0.14,0.82,7,1
4843847,523578,3,39,1,3,0,218,3705,4.7,0.01,0.68,16,1
3973089,642905,2,31,0,0,2,127,2499,3.42,0.08,0.71,6,0
4451368,237439,3,50,0,0,2,372,2506,4.05,0.09,0.63,5,0
1792694,889258,3,68,0,0,0,253,4556,4.28,0.21,0.94,23,2
2960223,342802,3,70,1,3,2,492,2743,2.86,0.26,0.84,2,1
2327413,836699,3,25,1,0,1,59,195,4.16,0.13,0.82,24,0
894984,360330,0,32,1,3,1,289,2240,4.49,0.1,0.94,9,2
2826388,590650,1,63,0,3,0,456,1436,4.2,0.03,0.99,13,0
2934295,473414,1,64,0,2,0,64,3875,4.15,0.16,1.0,3,0
2039267,476123,0,81,0,0,1,151,297,4.22,0.16,0.81,16,2
1737505,229809,1,32,0,2,0,386,4415,4.83,0.17,0.88,11,1
3282253,606902,0,93,1,3,1,148,156,2.82,0.01,0.82,10,1
2955984,581104,3,48,1,0,0,326,3141,4.09,0.08,0.99,5,1
4424361,586446,1,94,0,3,1,455,587,2.9,0.12,0.65,17,0
488896,446438,0,64,0,1,1,285,3433,4.16,0.22,0.88,16,2
4692570,150984,1,15,0,2,2,253,1119,3.5,0.29,0.83,11,0
2313244,141689,1,18,0,0,2,467,426,3.2,0.11,0.86,21,1
2322431,820235,0,29,0,3,2,307,1165,3.73,0.27,0.81,4,0
1513701,847032,3,19,1,2,1,162,3764,4.08,0.26,0.97,20,2
3058745,996557,2,14,0,2,2,133,3307,4.74,0.2,0.87,12,0
1277773,887946,1,95,0,1,2,64,2528,2.86,0.01,0.85,4,0
3542228,774671,1,95,0,1,1,195,1450,3.62,0.03,0.89,7,2
925741,249129,1,84,1,3,2,117,4355,2.33,0.01,0.99,17,2
3251399,540093,2,53,0,3,0,112,3511,4.68,0.14,0.77,20,0
1348463,849101,0,20,0,3,0,155,1378,2.75,0.06,0.88,15,0
1619425,205887,1,23,1,0,2,306,1696,4.78,0.09,0.75,11,0
240326,357626,1,78,1,0,2,419,4884,2.99,0.15,0.7,3,0
4034055,182498,3,13,0,2,0,394,397,4.9,0.04,0.83,23,2
596704,961574,1,80,1,2,2,370,1247,2.87,0.14,0.77,21,1
3927027,621765,3,54,0,1,1,371,1729,4.35,0.17,0.85,12,0
4049948,467640,0,31,1,0,2,326,1765,2.22,0.17,0.73,18,1
2956008,877750,1,99,0,2,2,276,4885,4.76,0.16,0.79,18,0
710541,295486,3,37,1,0,2,355,1264,2.78,0.29,0.74,3,2
1885589,307789,3,54,1,3,1,451,4471,3.97,0.09,0.92,20,0
1031104,571156,0,83,0,1,2,79,3338,3.92,0.05,0.9,12,1
2482936,617254,2,25,0,1,1,106,111,2.96,0.18,0.92,20,2
2796379,849894,0,51,0,0,0,258,2893,4.5,0.12,0.73,1,2
3878113,838870,3,36,1,1,0,420,3447,3.2,0.02,0.93,4,0
320822,336816,2,35,1,1,2,388,4516,2.44,0.04,0.82,23,2
461863,567569,3,23,0,1,2,410,4524,4.84,0.29,0.93,10,0
439590,215279,3,57,1,0,0,428,3707,4.0,0.28,0.88,22,1
310824,226647,3,18,1,0,2,266,1240,4.56,0.21,0.94,20,2
2428974,336655,2,85,1,3,0,74,444,4.94,0.06,0.6,14,2
4968082,780668,1,78,1,3,1,229,4231,2.59,0.17,0.67,13,2
3021436,170820,2,98,0,0,0,9,452,2.99,0.25,0.94,3,0
1494585,92418,2,94,0,2,0,349,1571,2.77,0.3,0.94,4,2
476872,936074,0,32,1,0,1,247,1501,3.78,0.25,0.81,16,1
1804404,349907,1,93,0,0,0,442,4592,2.19,0.09,0.67,4,1
3241067,598440,3,73,0,0,1,413,4855,2.12,0.15,0.64,17,0
2438215,605421,1,80,0,1,1,318,354,3.66,0.07,0.79,17,1
3345981,66507,1,60,1,0,0,155,689,2.54,0.21,0.81,3,2
2715863,395529,2,62,1,1,0,471,2508,3.43,0.08,0.77,13,1
4711983,389581,0,87,1,3,0,436,3757,3.79,0.05,0.97,10,2
3990754,944954,1,36,0,1,0,3,4630,3.37,0.25,0.95,16,1
590524,97286,0,30,1,2,0,260,1655,2.25,0.25,0.68,3,1
2481620,237957,2,82,1,2,1,465,3803,3.27,0.13,0.79,15,1
3560242,276685,3,65,1,3,2,34,2403,2.51,0.24,0.6,3,2
3422208,285308,3,57,0,0,2,96,1095,4.23,0.07,0.7,22,1
4913929,238943,3,75,0,3,0,63,751,4.25,0.03,0.66,19,1
1789007,906020,2,69,0,0,2,191,2597,2.6,0.29,0.71,11,1
3768236,255491,3,94,0,2,1,104,1539,2.4,0.19,0.82,17,2
2961343,57995,1,23,1,3,1,337,4505,4.28,0.2,0.72,11,0
884931,540628,2,38,0,0,0,497,2275,4.95,0.11,0.83,23,2
3732635,305473,0,5,1,1,2,182,2102,4.82,0.17,0.75,10,0
2185049,799999,1,69,0,0,0,115,4816,4.04,0.19,0.64,10,1
3754249,176522,3,18,0,3,2,60,3441,2.02,0.13,0.91,10,0
3663937,593422,3,48,1,2,1,350,3360,2.21,0.17,0.79,11,2
1851146,653906,0,64,1,2,0,476,1103,3.98,0.22,0.81,16,1
4688820,991926,1,35,0,0,0,485,504,4.72,0.26,0.63,16,0
2146307,256338,1,96,0,1,0,102,1457,4.74,0.29,0.71,17,2
1881420,488843,1,62,1,3,1,456,2328,2.38,0.22,0.9,7,0
1430506,820241,2,64,1,1,0,318,775,4.88,0.18,0.84,2,0
219108,340351,3,12,0,1,1,366,1310,4.83,0.06,0.85,7,0
2768467,941810,3,86,1,3,2,193,4964,3.62,0.14,0.63,23,0
257480,522205,2,1,1,0,0,31,706,3.87,0.05,0.92,24,0
1146358,287289,1,91,0,3,1,79,2627,2.89,0.17,0.95,24,1
3584860,916772,3,62,0,1,0,47,1666,2.58,0.03,0.69,1,1
3347687,979069,3,15,1,3,0,240,3185,4.1,0.02,0.83,5,1
1878101,146151,2,15,0,2,0,344,2359,3.11,0.01,0.6,14,1
152354,126770,2,86,1,3,1,431,4323,3.91,0.28,0.65,6,0
3859257,159583,3,83,0,1,1,80,3633,3.4,0.2,0.82,1,1
4446231,894964,1,13,1,0,0,270,3221,3.84,0.02,0.8,14,0
383765,781700,1,7,1,0,0,279,348,4.75,0.03,0.91,17,0
4046878,923218,3,78,1,2,2,257,2168,2.54,0.18,0.79,8,2
4847020,135967,2,16,1,3,0,7,1714,3.78,0.02,0.76,2,1
4898695,811704,3,24,1,0,0,256,3458,2.27,0.17,0.93,16,1
1970682,191537,1,48,0,1,2,476,3418,2.44,0.24,1.0,18,0
1361074,270009,3,65,1,2,2,137,1235,3.86,0.16,0.69,22,0
4031949,958122,3,84,1,3,1,480,1114,2.15,0.17,0.89,4,0
4907824,739475,2,41,1,2,0,474,845,4.31,0.29,0.68,18,1
2910889,114162,1,10,1,3,0,77,3984,4.44,0.21,0.99,2,2
634283,287303,1,38,0,0,0,419,2989,3.33,0.25,0.73,7,0
639167,188432,0,96,1,3,1,280,4674,2.48,0.19,0.85,21,0
4107577,790691,0,45,0,3,2,402,4090,3.46,0.02,0.67,16,1
1618110,712539,1,41,1,1,0,324,864,4.24,0.03,0.76,13,0
3426676,982723,1,37,0,3,0,51,1153,3.2,0.28,0.87,14,0
3371440,643787,0,44,1,2,0,240,4841,2.67,0.09,0.88,8,2
4986985,85788,0,65,1,2,1,173,2208,3.14,0.06,0.9,16,1
4765477,824537,2,33,0,2,0,42,4935,4.57,0.04,0.84,16,1
4536283,639919,3,31,0,1,2,457,4414,4.32,0.26,0.86,24,1
3878068,675123,3,1,1,2,0,87,3666,4.07,0.24,0.86,13,2
4748263,517607,3,51,0,3,0,139,3756,4.38,0.25,0.72,14,2
3233519,203550,3,81,0,3,0,107,603,4.64,0.09,0.95,1,2
1535160,111248,2,8,0,1,0,348,4310,4.15,0.14,0.71,2,0
2743401,143988,0,2,0,1,0,316,1177,2.41,0.11,0.71,5,0
279745,502169,3,98,1,0,0,428,861,4.31,0.16,0.77,10,0
1786346,206115,1,39,1,1,2,43,2841,4.38,0.2,0.79,19,1
4167383,161180,3,25,0,0,2,469,2617,2.64,0.02,0.88,22,2
1447949,518790,2,39,0,3,1,430,870,3.91,0.17,0.82,22,0
3366115,221580,3,6,1,3,2,334,3140,3.61,0.21,0.67,8,0
4912814,665309,1,18,0,0,2,1,2711,4.71,0.04,0.83,20,0
1293129,999212,1,96,1,0,1,90,3202,4.31,0.27,0.64,4,0
1263912,227337,1,57,0,0,0,31,3924,2.75,0.23,0.62,7,0
1387408,649262,0,24,1,2,2,63,2116,3.21,0.29,0.98,1,1
445751,253652,0,98,1,1,1,219,4717,2.03,0.14,0.95,15,1
3223266,842007,0,86,0,0,0,470,243,3.82,0.26,0.68,2,1
3812292,679551,1,63,1,2,2,324,3382,3.48,0.29,0.91,20,0
4626113,109922,2,55,0,0,2,413,3232,4.47,0.14,0.7,17,1
2263665,603246,3,98,1,2,2,224,4483,3.72,0.27,0.91,7,1
1734738,596990,0,91,0,2,0,179,2132,3.03,0.21,0.86,18,0
4084937,723774,3,56,0,2,0,445,1731,2.89,0.12,0.96,17,1
1578309,268495,1,33,1,2,2,132,4723,5.0,0.05,0.65,6,0
1833855,757426,1,32,0,3,1,318,4228,2.45,0.03,0.85,10,1
2227418,836725,3,16,1,0,0,331,1294,4.98,0.01,0.7,15,2
2461296,192581,3,8,1,3,0,370,1534,2.48,0.13,0.72,19,0
299208,881979,3,11,1,2,0,398,2194,3.1,0.3,0.64,1,0
1438449,632684,1,31,0,3,0,130,3252,2.9,0.24,0.81,17,2
1675307,478181,2,48,1,3,0,0,2529,3.72,0.1,0.88,24,1
2087089,171288,1,58,0,1,1,387,3208,3.81,0.05,0.76,15,2
3601835,206586,3,50,1,0,2,460,4502,3.39,0.09,0.89,23,2
3380190,472805,3,19,1,0,0,294,3899,4.8,0.19,0.82,6,0
3454723,915577,1,43,0,0,1,127,531,4.71,0.05,0.99,16,2
735793,432107,0,96,0,2,2,49,845,3.75,0.04,0.97,6,2
2363316,553259,1,100,1,1,1,289,722,4.64,0.07,0.64,5,1
1103515,462479,1,31,1,1,1,254,3630,2.04,0.14,0.81,6,1
917979,807215,1,81,1,1,0,211,2039,2.7,0.19,0.98,4,1
4457804,332609,3,6,1,3,2,138,2685,3.43,0.12,0.61,4,2
2329635,221299,2,32,0,3,2,262,4315,3.08,0.26,0.6,7,2
4151248,949756,2,51,1,1,0,34,3685,3.55,0.21,0.66,2,2
2664253,711912,0,45,1,2,1,381,2557,4.79,0.17,0.73,5,2
4798784,265724,2,31,1,1,2,410,2093,3.25,0.07,0.85,13,0
4051568,96726,2,60,1,1,1,388,4204,3.46,0.23,0.87,8,0
316761,365286,0,34,1,1,1,326,2083,3.03,0.23,0.89,5,0
910753,901313,1,80,1,2,1,428,4498,2.13,0.09,0.87,3,2
2713805,433161,1,45,1,1,0,56,4321,3.53,0.2,0.65,3,0
2754529,321716,2,53,1,0,2,209,2416,4.78,0.02,0.93,2,0
3042337,496950,0,9,0,3,1,372,2142,3.09,0.17,0.77,19,1
3293895,396634,0,42,0,2,2,61,3403,3.42,0.2,0.68,14,2
3124556,777562,0,31,1,3,0,206,838,3.48,0.14,0.99,24,2
867953,183168,3,69,1,2,0,127,941,2.57,0.04,0.87,2,2
2696686,486426,2,24,1,2,0,390,3901,2.17,0.03,0.66,22,0
4329155,238683,1,56,1,1,1,140,2626,3.01,0.18,0.98,3,1
3720388,444191,0,10,1,1,2,336,362,4.93,0.05,0.96,5,2
1818555,706352,1,38,0,3,2,499,1857,4.47,0.16,0.68,14,2
1918255,295009,3,18,0,2,0,39,4545,2.12,0.13,0.9,16,1
1241697,167056,1,23,0,3,2,12,3492,3.22,0.26,0.96,18,1
3130882,475520,1,41,0,3,0,324,666,4.91,0.18,0.72,7,2
4466547,300159,0,93,1,0,0,190,344,3.14,0.15,0.89,18,0
814239,463742,0,95,1,3,2,266,3732,4.01,0.22,0.9,11,1
2611182,864543,2,24,1,0,2,339,2746,2.53,0.16,0.81,18,0
4243538,937896,0,31,0,0,0,365,2423,2.12,0.29,0.94,17,0
2707779,155886,1,74,0,3,1,118,109,2.56,0.08,0.78,20,1
1498086,595013,3,99,1,0,2,232,4575,4.97,0.06,0.87,16,0
4644017,279066,3,90,1,1,2,264,3337,4.3,0.08,0.73,16,1
3808489,160485,2,82,0,0,1,167,3197,3.3,0.03,0.85,23,2
4410366,52681,3,93,0,0,1,476,3629,3.62,0.28,0.73,2,2
3061771,963425,3,9,0,2,1,256,3513,3.9,0.13,0.97,14,2
4855242,510152,2,41,1,3,1,369,1288,4.33,0.29,0.82,4,1
459347,920683,3,47,0,3,2,397,3146,4.96,0.11,0.75,21,2
2639595,59729,1,44,1,3,1,448,1083,2.85,0.08,0.81,21,1
2191817,546885,3,44,1,0,0,196,4918,2.49,0.22,0.95,6,0
366689,373805,0,100,1,0,1,181,486,2.29,0.03,0.89,7,2
3878097,552954,3,3,1,0,0,223,1470,4.61,0.12,0.68,22,1
3226717,637909,2,14,0,0,0,146,2057,3.31,0.12,0.62,9,0
4095105,889804,2,41,0,0,1,161,2440,3.5,0.19,0.94,2,0
2485125,911131,3,10,1,1,2,235,868,4.68,0.28,0.97,16,0
974368,145269,2,99,1,2,1,329,425,4.74,0.11,0.69,10,1
4609577,870270,0,36,1,0,0,22,4045,2.2,0.15,0.8,19,0
4000085,141817,1,20,1,1,1,3,4802,2.42,0.14,0.78,4,0
1790400,412482,3,33,1,0,0,234,4630,2.53,0.15,0.87,11,0
3620823,409640,3,52,1,1,1,415,2190,3.49,0.06,0.78,22,2
1941170,238858,0,99,1,3,2,477,605,2.59,0.13,0.87,12,1
2049433,146281,3,64,0,3,1,181,2887,3.28,0.26,0.64,13,0
3959401,991521,2,30,0,1,2,372,508,2.32,0.08,0.68,17,2
3289274,69996,2,77,1,1,1,106,4795,2.28,0.14,0.87,12,1
719627,550518,0,27,1,0,2,335,5000,3.81,0.1,0.96,16,2
2297412,283098,2,96,1,0,0,106,2598,2.33,0.27,0.69,24,2
985469,966900,1,23,1,2,2,461,4873,4.4,0.06,0.66,14,1
190749,722747,2,52,0,0,1,83,264,2.64,0.02,0.65,2,0
2948782,629437,3,25,0,2,1,347,3540,4.13,0.07,0.77,18,0
2505753,761287,2,14,0,0,1,259,1816,4.56,0.18,0.76,6,2
2139042,694610,0,99,0,3,2,15,985,4.85,0.23,0.65,21,2
3807564,811452,3,9,1,1,2,120,1263,2.26,0.05,0.64,8,0
3688485,835436,0,31,0,1,0,233,4621,4.88,0.05,0.78,7,1
110607,367293,2,44,0,2,1,13,4523,4.64,0.09,0.75,8,1
3761830,392346,3,50,1,1,2,278,4713,2.18,0.13,0.86,24,0
3743384,73213,2,46,0,1,2,244,4980,3.87,0.27,0.98,20,0
4011129,278743,2,76,1,0,1,422,3426,4.12,0.04,0.66,2,1
208873,169939,3,5,0,0,0,88,4944,3.33,0.04,0.78,10,0
3117446,84385,1,56,0,0,2,336,2029,3.87,0.18,0.95,1,1
4998744,457131,2,98,1,1,0,473,138,3.56,0.19,0.63,11,2
238194,931312,2,67,1,3,1,453,842,3.35,0.23,0.69,2,0
3260987,105629,1,12,0,3,1,53,2146,3.25,0.22,0.82,24,2
1582464,549917,2,49,0,3,1,249,1645,3.58,0.16,0.84,16,0
1557836,822618,2,35,0,0,0,334,3607,2.23,0.13,0.97,15,2
627236,653496,3,86,1,2,2,175,1655,4.93,0.02,0.91,8,0
3521796,170435,0,69,0,2,2,200,847,2.65,0.23,0.97,1,0
4306232,168404,3,63,1,3,2,302,2352,2.67,0.09,0.71,22,1
3061122,942494,2,84,0,2,2,131,529,2.69,0.24,0.76,17,1
1463209,478734,3,42,1,3,0,211,4426,4.79,0.14,0.8,24,2
315299,402067,2,60,1,2,1,475,3107,2.56,0.17,0.89,16,2
875865,235122,0,63,0,1,0,368,648,3.87,0.2,0.83,6,0
2920581,881899,2,61,1,3,2,242,3263,2.57,0.03,0.94,12,1
4690378,266984,3,29,1,3,2,89,276,2.11,0.09,0.73,18,2
2383043,311145,1,96,0,3,0,167,3992,2.67,0.11,0.84,9,2
1374213,658331,2,73,1,0,1,318,3035,3.5,0.15,0.69,22,1
3786067,109220,2,67,1,0,1,487,986,2.03,0.19,0.8,7,0
2720718,213667,0,23,1,1,2,266,3551,2.51,0.25,0.84,18,1
1410534,287877,2,48,0,2,0,384,2465,2.78,0.18,0.66,21,1
4964818,357490,0,22,1,3,0,346,4031,2.45,0.1,0.92,12,2
2099539,671628,1,73,1,0,0,293,3113,4.23,0.27,0.81,15,2
560287,927674,1,33,0,3,2,84,4212,3.31,0.3,0.78,22,1
1371114,155413,2,51,1,3,0,438,2592,2.52,0.16,0.99,19,0
4249563,321733,3,25,0,0,2,70,650,2.24,0.15,0.61,21,1
3740559,639330,3,74,0,2,0,451,1307,2.9,0.2,0.64,14,0
3691590,715112,1,1,1,0,0,179,2509,4.5,0.25,0.7,11,0
340439,917559,1,100,1,3,1,368,1037,3.73,0.21,0.69,18,2
3066085,773536,2,70,1,1,1,51,2180,3.65,0.27,0.9,1,0
1090955,791994,0,97,0,2,2,146,3696,3.05,0.19,0.78,24,1
285144,926526,2,19,0,2,1,105,1193,3.92,0.06,0.88,13,0
4718751,966235,1,99,0,2,2,267,4826,2.45,0.14,0.79,9,0
3794836,466626,3,3,0,2,2,41,191,3.73,0.24,0.88,7,1
1832937,182761,2,80,1,2,2,196,4414,3.66,0.08,0.62,17,0
4077746,702281,0,87,0,0,2,365,4912,3.65,0.25,0.93,9,1
2389182,821422,0,4,1,0,0,58,4060,3.79,0.04,0.82,7,2
4783982,161754,1,41,0,3,0,483,2397,2.73,0.23,0.63,8,1
1381961,548864,2,40,0,2,1,449,2475,4.77,0.12,0.94,13,2
615657,549184,2,41,1,2,0,330,934,4.74,0.18,0.79,1,1
198991,804548,0,97,0,2,1,431,3605,3.7,0.28,0.72,12,2
554088,705574,3,75,1,0,1,196,2793,2.69,0.24,0.9,21,0
459777,753860,2,33,1,0,2,414,3359,3.52,0.07,0.66,5,1
4202970,568611,3,87,0,0,1,194,1947,2.82,0.27,0.85,18,0
3732470,345364,0,66,0,3,2,49,2462,4.96,0.27,0.76,18,0
4958197,143351,0,23,0,3,2,360,2408,4.99,0.26,0.81,5,2
4597271,281698,2,55,0,1,1,353,4970,3.85,0.09,1.0,14,2
1935400,812950,0,18,1,0,1,130,3356,3.1,0.27,0.79,22,1
1266883,951724,3,33,0,0,0,70,4721,3.04,0.08,0.85,9,1
2312061,970042,0,61,0,3,0,372,213,4.56,0.18,0.96,21,2
2400356,801879,1,30,0,0,0,471,2211,4.37,0.2,0.98,2,1
1700208,747792,3,92,1,1,1,305,1494,3.17,0.19,0.91,1,2
616638,434747,0,72,1,3,0,245,1284,3.25,0.01,0.93,21,2
959736,329045,3,89,0,3,0,406,2800,2.63,0.22,0.7,20,2
1322933,929956,0,69,0,0,0,452,4823,4.17,0.12,0.82,24,2
1665872,247001,3,27,1,2,0,388,249,2.24,0.06,0.9,3,2
4398949,147456,1,71,0,0,1,320,4778,4.29,0.28,0.98,24,0
3064812,82953,2,88,1,2,0,139,2762,4.53,0.14,0.78,9,0
217138,255070,2,50,1,0,0,180,1042,3.36,0.21,0.86,16,0
1290967,488901,2,44,1,2,1,430,419,4.61,0.28,0.87,12,2
1973082,346044,2,18,0,1,1,107,834,2.66,0.09,0.77,11,0
4241856,658073,2,68,1,2,2,421,4944,4.82,0.01,0.98,8,0
3467059,897670,1,60,0,1,0,382,351,4.39,0.13,0.74,7,1
2749642,799774,1,79,0,3,2,310,2967,3.07,0.08,0.99,2,0
2736884,271791,0,52,1,2,2,495,971,2.25,0.03,0.61,9,0
1594892,974627,1,5,1,0,0,324,3623,5.0,0.19,0.85,12,1
3372842,307685,3,76,1,2,0,42,3215,3.83,0.16,0.7,11,2
4097519,587197,2,13,1,1,1,125,2406,4.04,0.05,0.69,23,1
4220669,860608,3,72,1,2,0,14,4001,2.77,0.01,0.87,15,0
3997919,783018,3,51,1,2,2,418,1026,2.77,0.05,0.92,14,0
1462119,824810,3,63,1,0,2,13,3096,2.56,0.19,0.77,24,1
334956,229741,2,20,0,0,2,411,3791,2.92,0.18,0.8,11,2
3785132,842595,3,54,1,2,0,471,4792,3.85,0.06,0.92,14,1
2876345,237979,1,38,1,1,0,178,3936,4.51,0.2,0.67,3,0
1742048,860744,2,85,0,1,0,203,1729,3.88,0.3,0.96,14,2
4966145,642705,3,51,1,2,2,167,2749,2.14,0.22,0.78,4,1
4768908,78160,1,43,1,3,1,311,613,2.57,0.13,0.68,15,1
4383161,668753,0,48,0,1,1,359,2842,4.39,0.27,0.66,1,2
4228475,69315,3,57,1,0,2,155,4628,4.09,0.09,0.63,21,1
2200333,300993,0,90,1,3,2,76,234,2.45,0.09,0.66,6,1
2091989,915094,0,33,1,0,0,61,3175,4.96,0.29,0.97,5,2
2488858,128598,3,9,0,2,0,131,4760,2.72,0.12,0.72,1,0
2485588,239249,3,84,1,0,1,260,2184,2.59,0.2,0.99,17,2
4072978,479343,3,90,0,0,0,117,1221,3.17,0.23,0.74,18,1
1044613,820156,1,6,0,3,1,389,4704,2.54,0.12,0.97,6,2
853469,903657,1,25,1,3,0,105,309,3.3,0.08,0.87,9,0
1989540,194037,1,51,1,0,2,274,4776,4.07,0.19,0.67,19,0
4443196,707347,3,23,1,0,1,113,2433,2.19,0.12,0.91,7,2
3021946,347057,3,62,1,1,1,219,1182,4.12,0.08,0.61,15,2
1971685,788127,2,37,1,2,0,303,4026,2.53,0.24,0.86,18,1
2022791,435714,0,59,0,0,1,392,1861,4.29,0.11,0.95,14,0
3437720,944398,3,49,1,1,1,448,2178,3.84,0.19,0.7,17,2
1466946,152773,3,48,0,2,2,216,3754,2.68,0.24,0.86,20,1
431869,982247,3,16,0,2,2,99,4286,3.55,0.12,0.68,5,0
1811841,400805,0,90,0,2,1,209,4937,2.8,0.11,0.68,5,1
874222,222226,1,6,1,1,1,127,4972,4.73,0.07,0.97,14,0
2631239,477027,3,53,0,1,1,207,4107,2.89,0.19,0.91,24,1
4716928,509405,0,64,1,0,2,419,3041,3.59,0.2,0.98,3,0
3071560,554215,1,10,0,1,2,345,3342,3.42,0.11,0.99,21,0
512178,85377,1,51,1,3,0,300,4618,3.36,0.21,0.62,18,2
2223426,644941,3,39,0,0,2,22,2869,2.97,0.12,0.88,4,0
2024017,383889,2,4,1,0,0,121,4292,3.7,0.09,0.82,10,1
4819095,241287,3,28,1,2,2,494,4712,2.78,0.3,0.76,19,2
2203748,879907,0,57,1,2,2,439,3131,2.38,0.08,0.99,17,2
4330618,257902,2,47,1,1,2,264,3447,4.05,0.23,0.94,17,2
815931,279727,0,99,0,0,2,160,904,3.8,0.14,0.71,2,0
1277246,834038,2,77,1,1,0,121,4867,2.68,0.29,0.87,14,2
3539270,106289,0,76,1,3,0,147,3400,3.56,0.25,0.68,21,2
1690522,395211,0,35,1,0,2,222,1101,4.02,0.15,0.91,3,1
1183853,440696,3,4,0,0,2,110,4740,4.84,0.11,0.75,18,0
3841336,303606,2,44,0,0,1,232,2578,3.26,0.29,0.77,20,1
2307226,686170,3,15,1,3,1,335,4088,2.73,0.28,0.72,15,1
2873853,499734,0,62,0,2,1,173,2542,3.56,0.13,0.68,24,1
1550917,651639,1,7,1,2,1,50,1495,3.29,0.08,0.66,22,2
1967051,346182,2,6,0,1,2,129,4967,3.73,0.23,0.71,9,2
864969,705373,0,3,0,0,2,176,3641,4.74,0.3,0.71,6,0
2183317,979820,1,10,1,2,1,460,2840,3.33,0.09,0.92,3,0
948133,510076,1,26,1,2,0,493,1962,3.35,0.28,0.63,21,1
2916808,565058,2,95,1,1,1,25,1068,4.9,0.29,0.74,12,1
1364970,720982,0,94,0,2,1,441,4215,3.4,0.11,1.0,13,2
2270694,201585,1,36,0,3,2,370,3088,4.19,0.11,0.73,12,2
1224552,256615,2,42,1,3,0,299,138,2.39,0.14,1.0,9,0
4941333,667029,1,8,0,0,0,413,2257,2.31,0.25,0.65,16,2
1916783,547431,0,28,1,0,0,309,3794,3.79,0.05,0.98,22,2
3841990,564433,1,24,0,0,0,14,4307,3.84,0.27,0.98,17,0
4471748,451149,1,98,1,0,1,182,1727,4.06,0.02,0.79,11,1
3852524,875044,0,82,0,3,1,305,889,4.55,0.08,0.61,5,0
2968414,166488,1,39,1,3,2,410,2184,4.7,0.26,0.68,10,1
3673832,178184,2,14,1,2,1,12,327,4.03,0.1,0.86,11,0
4068287,889030,0,19,1,2,0,455,440,2.49,0.26,0.89,11,2
808734,247716,3,56,0,0,2,265,858,3.65,0.03,0.72,13,2
1399456,939321,0,91,0,2,1,445,2642,2.79,0.29,0.6,18,2
4920828,893550,0,40,0,3,0,420,1228,3.33,0.18,0.74,7,2
2335182,318926,0,5,1,3,1,336,4523,4.6,0.05,0.91,3,2
1750430,911089,0,83,0,3,1,459,1298,2.25,0.04,0.77,15,2
3037337,988695,0,30,0,1,2,407,3296,3.07,0.06,0.87,3,0
250317,681061,3,2,1,1,1,125,4103,3.22,0.18,0.99,19,2
234235,95991,2,2,0,3,0,320,3928,4.26,0.11,0.82,7,2
2116059,263417,1,22,1,2,0,278,4009,3.16,0.02,0.77,19,0
146127,78393,2,36,1,0,1,313,446,4.91,0.09,0.92,19,1
4031509,884862,3,45,0,2,0,88,2936,2.11,0.22,0.71,8,2
4779984,213788,3,7,0,3,0,217,4388,3.5,0.26,0.86,21,1
351210,329277,3,39,0,3,0,269,1676,2.38,0.15,0.75,21,0
450428,907032,3,29,1,1,0,447,4295,3.08,0.18,0.73,21,1
4488023,815743,3,63,1,0,0,394,2250,4.22,0.29,0.89,10,0
3840722,512203,2,42,1,2,0,177,1664,4.27,0.23,0.77,1,2
3032109,553768,1,87,1,1,1,108,2326,2.07,0.16,0.88,12,0
3610952,688819,3,98,0,0,2,475,4608,3.32,0.11,0.69,4,0
987559,606936,3,36,0,3,1,329,1820,5.0,0.27,0.94,8,1
2456762,332645,3,24,0,0,1,342,3470,3.41,0.2,0.77,11,2
4165812,155032,0,70,0,3,0,221,2051,4.32,0.13,0.91,23,2
814035,147267,0,7,1,2,2,115,2355,4.96,0.18,0.75,12,1
471244,823911,1,54,0,2,2,392,672,4.77,0.19,0.71,13,1
1469712,528562,1,80,1,0,2,146,3176,3.46,0.22,0.8,19,1
2456401,950404,3,89,1,1,2,324,3974,4.99,0.22,0.82,8,1
3315007,120966,2,86,0,1,0,316,4725,2.41,0.19,0.99,8,2
2718048,291614,3,18,0,3,0,336,1026,3.67,0.2,0.63,9,2
1739229,521549,3,63,1,0,1,173,2370,3.45,0.06,0.68,18,1
1608248,137451,1,85,1,0,1,182,2502,4.94,0.19,0.71,14,2
1778981,572242,1,70,1,1,0,237,2793,3.87,0.19,0.97,17,0
2455471,294193,3,25,0,1,0,73,460,3.75,0.29,0.64,16,1
517613,162219,3,90,0,0,2,356,3177,4.54,0.22,0.88,3,1
3992251,501248,2,34,0,2,0,81,855,3.97,0.25,0.74,24,0
939703,366466,3,54,0,0,2,106,1315,4.28,0.26,0.65,16,2
1529234,145562,0,6,1,1,0,49,320,3.6,0.12,0.8,21,1
3348867,426671,0,76,0,2,2,408,2069,3.43,0.08,0.86,1,1
4344521,893027,1,35,1,3,2,447,1316,3.22,0.04,0.8,22,0
707921,150972,0,97,0,1,1,213,1257,4.34,0.05,0.88,9,0
2166814,144898,0,3,1,0,0,130,978,2.79,0.27,0.74,4,2
4597982,184342,3,41,1,3,0,394,1749,4.99,0.07,0.72,21,1
570977,725096,3,14,1,2,1,63,2075,4.04,0.11,0.66,4,0
2663951,359998,3,91,1,0,0,433,865,3.12,0.1,0.94,7,1
4909984,811068,3,57,0,1,2,199,1328,4.8,0.21,0.93,13,1
3704420,77699,0,70,0,3,2,158,2386,3.73,0.29,0.79,14,1
2554231,968095,0,25,0,3,2,68,1193,3.96,0.28,0.67,3,0
4682424,384568,1,99,0,0,1,402,2180,2.51,0.1,0.75,11,1
1408596,727525,0,3,0,2,1,357,3297,2.39,0.12,0.64,4,2
676406,447344,3,91,1,3,1,61,548,3.37,0.12,0.77,10,1
402014,834115,3,47,0,2,0,163,3070,2.56,0.1,0.85,4,2
3764203,293627,2,79,1,2,0,114,4045,2.91,0.17,0.85,16,1
3016828,438882,2,25,0,0,0,142,3441,3.99,0.04,0.86,19,0
4483655,859485,2,62,1,3,2,300,740,3.58,0.22,0.74,2,1
3594242,143705,1,3,1,3,0,290,1666,3.5,0.13,0.89,12,1
3583171,524648,3,91,1,0,1,103,4591,3.02,0.03,0.83,3,1
2142449,907048,0,30,1,0,2,38,604,2.76,0.07,0.81,8,0
3981430,390118,1,78,0,2,2,34,1273,4.39,0.13,0.7,1,0
4761785,685229,0,97,0,1,1,8,2541,3.67,0.09,0.68,16,2
347858,867053,1,22,1,2,0,171,1971,4.68,0.16,0.64,20,2
2787919,661497,3,11,0,3,2,34,4107,3.29,0.2,0.65,17,0
675924,816092,2,97,1,3,1,127,2024,3.59,0.25,0.73,11,2
3744228,603851,0,62,1,1,0,46,2394,2.44,0.22,0.62,10,0
890603,632600,1,73,0,3,0,373,3850,2.59,0.24,0.79,22,2
2470591,991457,0,52,1,0,1,433,582,3.56,0.01,0.91,16,1
4066918,930927,2,35,1,2,1,95,223,4.74,0.11,0.79,17,2
2334077,900035,0,92,0,3,2,362,4099,2.19,0.15,0.66,5,1
2379530,231665,0,20,0,1,2,459,2528,2.82,0.06,0.64,16,2
2215075,743393,0,85,1,2,1,159,345,2.93,0.1,0.66,24,2
1905883,286777,1,60,0,2,2,275,3431,4.17,0.23,0.84,4,1
1674808,156772,3,46,0,0,2,43,4465,3.73,0.25,0.76,19,1
2248496,667328,2,6,0,0,1,68,4311,4.41,0.18,0.69,2,0
2542344,273015,2,19,1,0,0,447,2462,4.21,0.24,0.66,7,0
4115900,899227,2,71,1,0,1,487,1017,4.95,0.13,0.8,22,1
3156067,806769,0,85,0,0,0,280,4055,2.29,0.22,0.75,14,2
4374421,417646,0,61,1,0,0,285,4363,4.89,0.09,0.84,8,1
1212303,325978,0,93,1,2,1,51,1069,4.12,0.1,0.67,23,2
3982798,511190,1,11,0,3,1,53,1847,2.67,0.22,0.84,1,1
4940299,578121,0,59,0,3,2,385,589,2.61,0.07,0.61,3,0
4945885,826174,0,10,1,3,2,364,1053,2.6,0.1,0.88,23,0
4203530,931138,2,28,1,2,2,494,1025,2.66,0.08,0.76,11,1
1281999,605916,1,19,0,1,1,224,3697,2.46,0.02,0.95,24,0
1608164,65020,3,48,0,1,2,411,3772,3.49,0.06,0.72,13,2
1473216,319413,1,63,0,1,1,137,1543,4.08,0.03,0.77,14,0
2663942,600589,2,59,1,1,0,108,2645,2.53,0.02,0.64,12,1
884265,368675,1,31,1,1,2,45,3916,3.86,0.23,0.76,4,2
1545783,906272,0,91,0,2,2,350,4037,4.34,0.26,0.82,4,1
4533742,960480,1,65,1,0,1,201,3041,4.7,0.12,0.73,14,2
1465212,913629,0,52,1,0,2,368,3855,2.74,0.21,0.64,18,0
4944144,779226,1,81,0,0,2,402,4201,3.66,0.1,0.77,3,1
3073197,828339,3,1,0,1,2,62,1744,3.14,0.21,0.85,5,2
3606267,664032,2,5,0,2,2,49,2730,4.52,0.17,0.98,18,2
3352891,740205,0,66,1,2,1,394,3434,4.34,0.16,0.65,7,0
2923196,499768,1,51,1,0,1,381,1555,3.98,0.13,0.95,15,0
328004,60209,2,1,0,0,1,100,939,3.84,0.17,0.67,2,2
3836049,284012,1,88,1,1,0,491,1627,4.92,0.27,0.79,8,2
749469,607174,2,30,1,2,1,34,132,2.03,0.24,0.67,23,1
2542864,99327,3,86,0,1,2,9,4007,2.33,0.19,0.79,6,2
3495511,586337,3,49,1,3,2,360,4401,4.66,0.22,0.77,20,1
794887,653271,0,6,0,3,0,105,1528,4.8,0.19,0.88,13,1
3187393,331227,3,74,0,2,0,171,1525,2.69,0.27,0.86,8,0
2228857,653269,2,54,1,2,1,497,2906,3.24,0.15,0.66,9,0
4142861,564461,0,48,1,3,0,256,2594,3.5,0.29,0.89,12,0
3241861,502319,0,40,1,3,1,272,4270,4.03,0.2,0.8,16,0
176040,350513,2,31,0,2,1,142,1380,4.8,0.28,0.9,11,0
745592,976857,2,84,0,3,0,409,3604,4.16,0.25,0.88,10,1
841863,469785,0,12,1,1,0,388,4286,4.39,0.02,0.9,22,2
4682233,297983,3,85,1,1,0,349,4497,3.91,0.21,0.76,3,2
1574108,916374,3,3,0,0,1,115,4375,2.82,0.28,0.85,1,2
4133785,529699,3,85,1,3,0,62,742,4.92,0.14,0.77,15,0
3489271,356910,3,7,1,0,2,219,3446,2.79,0.08,0.88,1,0
4841031,973017,0,18,1,1,0,188,1749,4.16,0.25,0.74,17,1
397872,122457,2,89,1,3,2,333,2060,2.92,0.07,0.67,8,1
3481532,598038,0,61,0,0,2,243,3007,4.25,0.26,0.66,8,2
3887664,582354,3,92,0,0,1,295,3657,4.77,0.13,0.71,18,0
3368217,480861,2,74,1,2,1,377,4251,3.47,0.28,0.73,9,1
4664376,417947,3,14,0,2,2,381,790,4.26,0.19,0.82,15,1
3150595,884902,0,62,1,2,1,486,4857,2.09,0.09,0.95,5,1
3550380,56549,3,55,1,2,1,15,1854,4.3,0.19,0.98,3,1
2310706,786964,2,61,1,0,0,398,4157,4.74,0.03,0.76,18,0
1288209,97714,0,66,0,3,2,221,3274,2.73,0.21,0.85,5,1
365856,174854,2,60,0,1,2,6,2702,3.31,0.12,0.79,12,0
3827673,641396,2,30,1,1,0,46,2610,2.47,0.3,0.94,9,2
4852903,747235,2,94,1,2,0,108,2078,3.26,0.27,0.8,2,1
3481311,251385,2,8,1,0,0,67,4013,4.75,0.13,0.85,15,0
875163,379023,2,98,0,1,2,396,3225,4.8,0.05,0.87,12,0
3121676,487887,1,93,1,0,2,234,3132,2.72,0.01,0.93,16,2
4072587,192284,2,94,0,2,2,417,4268,3.32,0.02,0.76,1,1
1388558,232395,0,94,1,1,0,214,1136,4.9,0.04,0.64,7,0
1019145,99272,3,73,1,0,2,69,1246,4.79,0.2,0.68,4,1
3849485,284141,0,70,1,0,1,390,1589,2.34,0.3,0.8,12,0
705213,309230,0,92,1,3,2,61,4518,4.26,0.18,0.99,6,1
2556311,760021,3,91,1,1,1,295,3277,4.2,0.05,0.93,22,1
3462137,650293,0,60,0,0,2,500,3190,2.27,0.17,0.71,14,0
4357310,486828,0,20,0,0,0,272,4633,3.15,0.19,0.75,14,0
1226314,386216,2,41,1,1,2,378,2573,4.5,0.25,0.69,10,0
1537492,925595,2,60,0,1,1,343,956,3.84,0.19,0.76,24,2
1081193,979419,0,19,1,3,1,208,1864,4.1,0.27,0.7,15,0
1376771,428284,2,34,0,3,0,202,2245,4.3,0.22,0.78,10,0
3715436,866365,2,33,0,3,1,28,3345,2.95,0.26,0.68,15,0
433709,495704,1,4,0,2,0,449,3448,3.19,0.1,0.98,8,1
165765,805358,1,7,1,1,2,68,2101,4.31,0.29,0.68,23,2
3567053,457417,1,82,0,0,1,82,4226,3.23,0.12,0.94,14,1
3780634,863773,1,50,0,0,1,262,1650,2.04,0.01,0.74,17,2
829712,715539,2,91,0,0,1,111,3766,2.04,0.24,0.99,5,2
1688499,290613,3,5,0,1,0,123,2784,2.76,0.05,0.66,9,0
4099275,478166,2,3,1,1,0,394,1674,4.64,0.03,0.75,18,2
437762,940249,1,33,0,0,2,3,372,2.95,0.07,0.84,10,2
900734,171874,3,63,1,0,0,283,3601,4.7,0.19,0.77,15,2
2187780,187692,2,61,0,0,0,204,4594,3.77,0.28,0.77,22,1
4998884,881395,2,86,1,2,0,9,114,3.11,0.1,0.84,3,1
4551584,419954,1,93,0,0,2,9,708,3.21,0.19,0.87,18,0
2002229,719528,1,55,1,1,2,298,4974,4.24,0.04,0.99,14,0
3092313,317901,0,79,1,1,2,421,2467,4.4,0.03,0.67,23,0
2913248,193876,2,62,0,0,1,89,4372,2.24,0.21,0.67,7,2
2622166,186260,3,68,1,1,2,345,1715,3.05,0.21,0.82,14,1
2370102,958223,2,30,0,2,0,186,2332,3.1,0.15,0.93,21,2
1843559,439045,2,33,0,0,2,306,223,4.53,0.06,0.83,6,0
4802938,473781,2,49,0,0,2,343,4178,3.53,0.17,0.83,18,2
1716334,864555,2,46,0,2,2,348,2614,4.57,0.02,0.75,8,2
2304224,399983,3,54,1,3,0,55,1118,4.72,0.17,0.73,24,0
2501137,933016,3,37,0,0,1,486,4974,2.08,0.14,0.66,21,2
3428979,447989,0,50,0,1,1,489,3367,4.52,0.04,0.95,10,1
379148,464886,2,6,1,3,2,92,170,3.42,0.22,0.96,9,2
4721861,537698,2,77,0,3,0,400,2648,2.86,0.11,0.8,9,1
2286744,564220,1,3,0,0,0,204,1226,4.52,0.04,0.84,11,1
4076395,370328,1,63,1,0,0,436,3277,4.55,0.23,0.81,1,0
3192995,177993,2,38,0,0,2,416,975,3.44,0.03,0.92,9,2
4374195,285479,0,46,0,0,1,349,1592,2.46,0.1,0.84,18,2
1547160,842553,0,80,1,2,2,270,617,2.87,0.03,0.61,18,1
1978948,666776,3,89,0,2,2,303,4280,3.31,0.12,0.91,13,2
2062663,978541,0,14,0,2,0,148,327,4.69,0.13,0.9,23,1
2543597,363500,3,65,0,0,0,132,2670,4.97,0.29,0.88,4,1
2023495,768632,2,37,0,0,2,419,858,3.54,0.07,0.81,12,2
2774348,696465,0,70,1,1,1,346,745,4.51,0.07,0.81,7,2
837912,779570,0,74,1,3,1,289,832,2.54,0.26,1.0,20,0
2320083,206581,2,59,1,1,2,254,444,2.76,0.27,0.98,11,0
4929090,940985,0,58,1,2,1,410,4567,2.46,0.21,0.6,5,0
2983673,441555,1,41,1,1,0,333,1969,3.86,0.07,0.81,9,2
2689908,373772,0,1,0,3,0,139,3667,2.96,0.22,0.9,12,2
1572863,156317,1,60,1,2,2,187,1763,2.86,0.11,0.81,23,2
3507762,612072,2,94,0,0,1,225,4663,2.54,0.03,0.63,7,0
4001909,407300,1,59,0,0,0,227,2804,2.85,0.27,0.83,11,1
2624227,686321,2,73,0,3,1,18,203,2.27,0.16,0.76,3,2
782903,995239,0,34,0,0,0,93,2249,2.8,0.03,0.88,19,1
354776,119152,2,41,1,2,2,136,1306,3.44,0.12,0.73,11,0
2505627,340936,0,6,0,1,2,360,990,2.66,0.28,0.87,6,1
4113315,961099,0,51,0,0,2,323,4357,3.16,0.21,0.99,21,2
4208409,615765,1,33,1,1,0,369,3468,2.06,0.28,0.87,24,1
